"","target.gene_info.symbol","target.id","association_score.overall","association_score.datatypes.genetic_association","association_score.datatypes.somatic_mutation","association_score.datatypes.known_drug","association_score.datatypes.affected_pathway","association_score.datatypes.rna_expression","association_score.datatypes.literature","association_score.datatypes.animal_model","target.gene_info.name"
"1","PSEN1","ENSG00000080815",1,1,0,1,0.375,0.0164100793414232,0.27825067246448,0.307750583270345,"presenilin 1"
"2","APP","ENSG00000142192",1,1,0,1,1,0,0.160661443515074,0,"amyloid beta precursor protein"
"3","PSEN2","ENSG00000143801",1,1,0,1,0,0,0.0946383489926656,0,"presenilin 2"
"4","APOE","ENSG00000130203",1,1,0,0,0,0.00567549225893119,0.184199521608636,0.18516,"apolipoprotein E"
"5","ABCA7","ENSG00000064687",1,1,0,0,0,0,0.12975449693843,0,"ATP binding cassette subfamily A member 7"
"7","APH1B","ENSG00000138613",1,0.82500159740448,0,1,0,0,0.039404,0,"aph-1 homolog B, gamma-secretase subunit"
"8","ADAM10","ENSG00000137845",1,1,0,0,0,0.00671231742236513,0.065126298778182,0,"ADAM metallopeptidase domain 10"
"9","CLU","ENSG00000120885",1,1,0,0,0,0.0084180189883247,0.193746641489027,0,"clusterin"
"11","HMGCR","ENSG00000113161",1,0.0365839935839176,0,1,0,0.00308085046336261,0.103723983286764,0,"3-hydroxy-3-methylglutaryl-CoA reductase"
"12","SLC6A3","ENSG00000142319",1,0,0,1,0,0,0.109440847996972,0,"solute carrier family 6 member 3"
"13","ACHE","ENSG00000087085",1,0,0,1,0,0,0.0940454671229916,0,"acetylcholinesterase (Cartwright blood group)"
"14","GRIN3B","ENSG00000116032",1,0.0736693339184235,0,1,0,0,0.0292,0,"glutamate ionotropic receptor NMDA type subunit 3B"
"15","CD33","ENSG00000105383",1,1,0,0,0,0,0.0844506885345776,0,"CD33 molecule"
"16","PTGS2","ENSG00000073756",1,0,0,1,0,0,0.0813108710338277,0,"prostaglandin-endoperoxide synthase 2"
"17","HTR6","ENSG00000158748",1,0,0,1,0,0,0.0809183308134573,0,"5-hydroxytryptamine receptor 6"
"18","PPARG","ENSG00000132170",1,0,0,1,0,0,0.078076930558638,0,"peroxisome proliferator activated receptor gamma"
"19","OGG1","ENSG00000114026",1,0,0,0,1,0,0.0747735760896951,0,"8-oxoguanine DNA glycosylase"
"20","CDK5","ENSG00000164885",1,0,0,0,1,0.0295362130968519,0.0608946222595669,0,"cyclin dependent kinase 5"
"21","CR1","ENSG00000203710",1,1,0,0,0,0,0.072152151536346,0,"complement C3b/C4b receptor 1 (Knops blood group)"
"22","GRIN2A","ENSG00000183454",1,0,0,1,0,0.00637559917658923,0.0685836355505165,0,"glutamate ionotropic receptor NMDA type subunit 2A"
"23","BIN1","ENSG00000136717",1,1,0,0,0,0,0.070976052989536,0,"bridging integrator 1"
"24","GRIN2B","ENSG00000273079",1,0.00143181845935451,0,1,0,0.0107886930460096,0.0631517217670511,0,"glutamate ionotropic receptor NMDA type subunit 2B"
"25","NCSTN","ENSG00000162736",1,0,0,1,0,0,0.0658777159295278,0,"nicastrin"
"26","HTR2A","ENSG00000102468",1,0,0,1,0,0.0161725914191523,0.0574440569386408,0,"5-hydroxytryptamine receptor 2A"
"27","CD2AP","ENSG00000198087",1,1,0,0,0,0,0.064458475526191,0,"CD2 associated protein"
"28","DRD2","ENSG00000149295",1,0,0,1,0,0,0.0613447074829932,0,"dopamine receptor D2"
"29","SLC6A4","ENSG00000108576",1,0,0,1,0,0,0.0589294902829562,0,"solute carrier family 6 member 4"
"30","ADRB1","ENSG00000043591",1,0,0,1,0,0.0175777745326502,0.0511111111111111,0,"adrenoceptor beta 1"
"31","CAST","ENSG00000153113",1,0,0,0,1,0,0.0582706296025038,0,"calpastatin"
"33","SLC6A2","ENSG00000103546",1,0,0,1,0,0,0.0550320090702948,0,"solute carrier family 6 member 2"
"34","HTR1A","ENSG00000178394",1,0,0,1,0,0,0.0548917743527829,0,"5-hydroxytryptamine receptor 1A"
"35","TRPV1","ENSG00000196689",1,0,0,1,0,0,0.0535135555555556,0,"transient receptor potential cation channel subfamily V member 1"
"37","PSENEN","ENSG00000205155",1,0,0,1,0,0,0.0490747664399093,0,"presenilin enhancer, gamma-secretase subunit"
"38","ADRB2","ENSG00000169252",1,0,0,1,0,0,0.0480887664399093,0,"adrenoceptor beta 2"
"39","CHRNB2","ENSG00000160716",1,0.0225882325321436,0,1,0,0,0.0375,0,"cholinergic receptor nicotinic beta 2 subunit"
"40","PTGS1","ENSG00000095303",1,0,0,1,0,0,0.0469423344217834,0,"prostaglandin-endoperoxide synthase 1"
"41","CHRNA4","ENSG00000101204",1,0,0,1,0,0,0.0455555555555556,0,"cholinergic receptor nicotinic alpha 4 subunit"
"42","JUN","ENSG00000177606",1,0,0,0,1,0,0.0454656666666667,0,"Jun proto-oncogene, AP-1 transcription factor subunit"
"43","STAT4","ENSG00000138378",1,0,0,0,1,0.0446092142145302,0,0,"signal transducer and activator of transcription 4"
"44","CDK5R1","ENSG00000176749",1,0,0,0,1,0,0.0426138888888889,0,"cyclin dependent kinase 5 regulatory subunit 1"
"45","GRIN1","ENSG00000176884",1,0,0,1,0,0,0.0421125377299068,0,"glutamate ionotropic receptor NMDA type subunit 1"
"46","LMNA","ENSG00000160789",1,0,0,0,1,0,0.0416,0,"lamin A/C"
"49","PRDX1","ENSG00000117450",1,0,0,0,1,0.0236209322561134,0.0284,0,"peroxiredoxin 1"
"50","APH1A","ENSG00000117362",1,0,0,1,0,0,0.0385444444444444,0,"aph-1 homolog A, gamma-secretase subunit"
"51","CHRNA7","ENSG00000175344",1,0,0,0.996425609479721,0,0,0.052586537414966,0,"cholinergic receptor nicotinic alpha 7 subunit"
"52","GABBR1","ENSG00000204681",1,0,0,1,0,0.016780767150212,0.028,0,"gamma-aminobutyric acid type B receptor subunit 1"
"53","GRIN3A","ENSG00000198785",1,0,0,1,0,0,0.0335,0,"glutamate ionotropic receptor NMDA type subunit 3A"
"54","CAPN1","ENSG00000014216",1,0,0,0,1,0,0.03,0,"calpain 1"
"55","GRIN2D","ENSG00000105464",1,0,0,1,0,0,0.0281888888888889,0,"glutamate ionotropic receptor NMDA type subunit 2D"
"56","CAPNS1","ENSG00000126247",1,0,0,0,1,0.0255036145542773,0,0,"calpain small subunit 1"
"57","GRIN2C","ENSG00000161509",1,0.0119566870853305,0,1,0,0.0112648226724688,0.0165,0,"glutamate ionotropic receptor NMDA type subunit 2C"
"59","LMNB1","ENSG00000113368",1,0,0,0,1,0,0.020797,0,"lamin B1"
"60","ADRA1A","ENSG00000120907",1,0.0207911944016814,0,1,0,0,0,0,"adrenoceptor alpha 1A"
"62","SCN5A","ENSG00000183873",1,0,0,1,0,0,0.0144,0,"sodium voltage-gated channel alpha subunit 5"
"63","SCN2A","ENSG00000136531",1,0,0,1,0,0.0132961724229183,0,0,"sodium voltage-gated channel alpha subunit 2"
"64","GABBR2","ENSG00000136928",1,0,0,1,0,0.00827204627584689,0,0,"gamma-aminobutyric acid type B receptor subunit 2"
"66","SCN3A","ENSG00000153253",1,0,0,1,0,0.00638632027124143,0,0,"sodium voltage-gated channel alpha subunit 3"
"68","CAPN2","ENSG00000162909",1,0,0,0,1,0.00510839379619254,0,0,"calpain 2"
"69","PDE3A","ENSG00000172572",1,0.00465526592195343,0,1,0,0,0,0,"phosphodiesterase 3A"
"70","SCN1A","ENSG00000144285",1,0,0,1,0,0.00386159792987999,0,0,"sodium voltage-gated channel alpha subunit 1"
"71","FOXO3","ENSG00000118689",1,0.0033718070708451,0,0,1,0,0,0,"forkhead box O3"
"72","ADRB3","ENSG00000188778",1,0,0,1,0,0,0,0,"adrenoceptor beta 3"
"74","ADRA1D","ENSG00000171873",1,0,0,1,0,0,0,0,"adrenoceptor alpha 1D"
"75","ADRA1B","ENSG00000170214",1,0,0,1,0,0,0,0,"adrenoceptor alpha 1B"
"76","SCN9A","ENSG00000169432",1,0,0,1,0,0,0,0,"sodium voltage-gated channel alpha subunit 9"
"78","CDC25A","ENSG00000164045",1,0,0,0,1,0,0,0,"cell division cycle 25A"
"79","CDC25C","ENSG00000158402",1,0,0,0,1,0,0,0,"cell division cycle 25C"
"80","CACNA2D1","ENSG00000153956",1,0,0,1,0,0,0,0,"calcium voltage-gated channel auxiliary subunit alpha2delta 1"
"81","SCN7A","ENSG00000136546",1,0,0,1,0,0,0,0,"sodium voltage-gated channel alpha subunit 7"
"82","FAAH","ENSG00000117480",1,0,0,1,0,0,0,0,"fatty acid amide hydrolase"
"83","CDC25B","ENSG00000101224",1,0,0,0,1,0,0,0,"cell division cycle 25B"
"84","EPHA1","ENSG00000146904",0.992069450445548,0.977232738686916,0,0,0,0,0.0593468470345314,0,"EPH receptor A1"
"86","SLC24A4","ENSG00000140090",0.977873604963885,0.968234021630552,0,0,0,0,0.0385583333333333,0,"solute carrier family 24 member 4"
"88","BACE1","ENSG00000186318",0.950159145265698,0,0,0.912290816326531,0,0,0.151473315756669,0,"beta-secretase 1"
"91","INPP5D","ENSG00000168918",0.929444671095967,0.917365282773972,0,0,0,0,0.0483175532879819,0,"inositol polyphosphate-5-phosphatase D"
"93","ACE","ENSG00000159640",0.909170582523801,0.892875170956055,0,0,0,0,0.0651816462709819,0,"angiotensin I converting enzyme"
"95","TOMM40","ENSG00000130204",0.897422084468778,0.881016668351076,0,0,0,0,0.0765652768060553,0,"translocase of outer mitochondrial membrane 40"
"96","SCARB1","ENSG00000073060",0.897130792617798,0.882255792617798,0,0,0,0,0.0595,0,"scavenger receptor class B member 1"
"97","MMP1","ENSG00000196611",0.893746056605471,0.0587669424712658,0,0.875,0,0,0.0364888888888889,0,"matrix metallopeptidase 1"
"99","MMP13","ENSG00000137745",0.886094864768783,0.0209037829190493,0,0.875,0,0,0.0350888888888889,0,"matrix metallopeptidase 13"
"101","MMP7","ENSG00000137673",0.881067934511436,0.00848641060292721,0,0.875,0,0,0.0205,0,"matrix metallopeptidase 7"
"103","MTHFD1L","ENSG00000120254",0.876716632948981,0.864938855171204,0,0,0,0,0.0471111111111111,0,"methylenetetrahydrofolate dehydrogenase (NADP+ dependent) 1 like"
"105","TCF7L2","ENSG00000148737",0.872462488487403,0.859812796115875,0,0,0,0.023397231343754,0.0402,0,"transcription factor 7 like 2"
"106","APOC1","ENSG00000130208",0.868324118752467,0.849160576719868,0,0,0,0,0.0766541681303952,0,"apolipoprotein C1"
"107","ABCA1","ENSG00000165029",0.866171630284942,0.848004929842495,0,0,0,0,0.0727711598378808,0,"ATP binding cassette subfamily A member 1"
"108","GAB2","ENSG00000033327",0.865592056466838,0.764565706253052,0,0,0.375,0,0.0654871519240743,0,"GRB2 associated binding protein 2"
"110","LIPG","ENSG00000101670",0.84714150428772,0.84714150428772,0,0,0,0,0,0,"lipase G, endothelial type"
"113","PDE7B","ENSG00000171408",0.83421802893281,0.83421802893281,0,0,0,0,0,0,"phosphodiesterase 7B"
"114","ESR2","ENSG00000140009",0.815929486708417,0,0,0.797540816326531,0,0,0.0735546815275442,0,"estrogen receptor 2"
"116","ESR1","ENSG00000091831",0.800351124191825,0.00238356617114588,0,0.784722222222222,0,0,0.061456245135679,0,"estrogen receptor 1"
"118","MMP3","ENSG00000149968",0.789807103175856,0.775938987731934,0,0,0,0,0.0554724617756898,0,"matrix metallopeptidase 3"
"119","DRD3","ENSG00000151577",0.784545055555556,0,0,0.772222222222222,0,0,0.0492913333333333,0,"dopamine receptor D3"
"122","DRD4","ENSG00000069696",0.780647222222222,0,0,0.772222222222222,0,0,0.0337,0,"dopamine receptor D4"
"123","PDGFRB","ENSG00000113721",0.770999722222222,0,0,0.761111111111111,0,0,0.0395544444444444,0,"platelet derived growth factor receptor beta"
"124","IL6R","ENSG00000160712",0.768454765415192,0.764354765415192,0,0,0,0,0.0164,0,"interleukin 6 receptor"
"125","KIT","ENSG00000157404",0.764711111111111,0,0,0.761111111111111,0,0,0.0144,0,"KIT proto-oncogene, receptor tyrosine kinase"
"126","ALDH5A1","ENSG00000112294",0.763458952753303,0,0,0.76,0,0.013835811013211,0,0,"aldehyde dehydrogenase 5 family member A1"
"127","NR3C1","ENSG00000113580",0.763419152400686,0,0,0.75,0,0,0.0536766096027445,0,"nuclear receptor subfamily 3 group C member 1"
"128","FGFR3","ENSG00000068078",0.761880349637978,0,0,0.75,0,0.0173731467418009,0.0398,0,"fibroblast growth factor receptor 3"
"129","NECTIN2","ENSG00000130202",0.759702543480683,0.75044058372503,0,0,0,0,0.0411444444444444,0,"nectin cell adhesion molecule 2"
"130","MAN2A1","ENSG00000112893",0.757308185100555,0.757308185100555,0,0,0,0,0,0,"mannosidase alpha class 2A member 1"
"131","EDAR","ENSG00000135960",0.750548583221436,0.746848583221436,0,0,0,0,0.0148,0,"ectodysplasin A receptor"
"132","PDGFRA","ENSG00000134853",0.75,0,0,0.75,0,0,0,0,"platelet derived growth factor receptor alpha"
"133","CNTNAP2","ENSG00000174469",0.723482967291837,0.714445674791932,0,0,0,0.00303563249914736,0.0348,0,"contactin associated protein 2"
"134","PDE5A","ENSG00000138735",0.713533242987793,0,0,0.7,0,0,0.0541329719511718,0,"phosphodiesterase 5A"
"135","APOB","ENSG00000084674",0.712436254289415,0.702835559844971,0,0,0,0,0.0384027777777778,0,"apolipoprotein B"
"136","HTR2C","ENSG00000147246",0.710185849189008,0,0,0.7,0,0.00483764270107614,0.0385933333333333,0,"5-hydroxytryptamine receptor 2C"
"137","VDR","ENSG00000111424",0.708130710337263,0,0,0.7,0,0,0.0325228413490541,0,"vitamin D receptor"
"138","ADRA2A","ENSG00000150594",0.7041,0,0,0.7,0,0,0.0164,0,"adrenoceptor alpha 2A"
"140","ADRA2B","ENSG00000274286",0.7,0,0,0.7,0,0,0,0,"adrenoceptor alpha 2B"
"141","ADRA2C","ENSG00000184160",0.7,0,0,0.7,0,0,0,0,"adrenoceptor alpha 2C"
"142","CHRNA9","ENSG00000174343",0.7,0,0,0.7,0,0,0,0,"cholinergic receptor nicotinic alpha 9 subunit"
"143","CHRNA10","ENSG00000129749",0.7,0,0,0.7,0,0,0,0,"cholinergic receptor nicotinic alpha 10 subunit"
"144","PILRA","ENSG00000085514",0.699561982880698,0.686648093991809,0,0,0,0,0.0516555555555556,0,"paired immunoglobin like type 2 receptor alpha"
"148","BCL3","ENSG00000069399",0.680996476750978,0.680996476750978,0,0,0,0,0,0,"BCL3 transcription coactivator"
"150","DSG2","ENSG00000046604",0.666478717809253,0.660139828920364,0,0,0,0,0.0253555555555556,0,"desmoglein 2"
"151","PTK2B","ENSG00000120899",0.659720878930173,0.639451815972825,0,0,0,0,0.0810762518293915,0,"protein tyrosine kinase 2 beta"
"152","SLC10A2","ENSG00000125255",0.653464450454712,0.646364450454712,0,0,0,0,0.0284,0,"solute carrier family 10 member 2"
"155","ALDH1A2","ENSG00000128918",0.646866063419212,0.646866063419212,0,0,0,0,0,0,"aldehyde dehydrogenase 1 family member A2"
"158","NPAS2","ENSG00000170485",0.603032231330872,0.603032231330872,0,0,0,0,0,0,"neuronal PAS domain protein 2"
"159","SUCLG2","ENSG00000172340",0.597336051177978,0.590136051177979,0,0,0,0,0.0288,0,"succinate-CoA ligase GDP-forming subunit beta"
"161","CRY2","ENSG00000121671",0.587262297655499,0.580444395542145,0,0,0,0.0109611190201913,0.0224,0,"cryptochrome circadian regulator 2"
"163","NCR2","ENSG00000096264",0.574485703439762,0.574485703439762,0,0,0,0,0,0,"natural cytotoxicity triggering receptor 2"
"164","HS3ST1","ENSG00000002587",0.569510221481323,0.569510221481323,0,0,0,0,0,0,"heparan sulfate-glucosamine 3-sulfotransferase 1"
"166","HLA-DRB1","ENSG00000196126",0.561254786285334,0.548390647396445,0,0,0,0,0.0514565555555556,0,"major histocompatibility complex, class II, DR beta 1"
"169","LILRA5","ENSG00000187116",0.542700827121735,0.542700827121735,0,0,0,0,0,0,"leukocyte immunoglobulin like receptor A5"
"171","CYP8B1","ENSG00000180432",0.515624642372131,0.515624642372131,0,0,0,0,0,0,"cytochrome P450 family 8 subfamily B member 1"
"172","RABEP1","ENSG00000029725",0.515372042449345,0.504242787758509,0,0,0,0.031361463207787,0.0296,0,"rabaptin, RAB GTPase binding effector protein 1"
"173","TYROBP","ENSG00000011600",0.515127485720787,0,0,0,0.5,0,0.0605099428831495,0,"transmembrane immune signaling adaptor TYROBP"
"179","SEMA3C","ENSG00000075223",0.476084232330322,0.476084232330322,0,0,0,0,0,0,"semaphorin 3C"
"183","ZNF12","ENSG00000164631",0.464799653738737,0.464799653738737,0,0,0,0,0,0,"zinc finger protein 12"
"184","CR1L","ENSG00000197721",0.458786593525593,0.458786593525593,0,0,0,0,0,0,"complement C3b/C4b receptor 1 like"
"185","UNC5C","ENSG00000182168",0.45259702154195,0.4375,0,0,0,0,0.0603880861678005,0,"unc-5 netrin receptor C"
"186","DOCK2","ENSG00000134516",0.446738888888889,0,0,0,0.436,0,0.0429555555555556,0,"dedicator of cytokinesis 2"
"187","NEDD4L","ENSG00000049759",0.446221083057932,0.436958894133568,0,0,0,0.0106847003192759,0.0323,0,"NEDD4 like E3 ubiquitin protein ligase"
"190","HCK","ENSG00000101336",0.433116666666667,0,0,0.1,0.40395,0,0.0375,0,"HCK proto-oncogene, Src family tyrosine kinase"
"194","AGTR1","ENSG00000144891",0.403788888888889,0,0,0.1,0.375,0,0.0341,0,"angiotensin II receptor type 1"
"195","CST3","ENSG00000101439",0.400046622795257,0.0643077865242958,0,0,0.375,0.0169065704670426,0.0673786101090251,0,"cystatin C"
"196","GJA1","ENSG00000152661",0.39692526499596,0,0,0,0.375,0.0229703980021879,0.0774919942050895,0,"gap junction protein alpha 1"
"197","SNCA","ENSG00000145335",0.395005965195605,0,0,0,0.375,0.00998956638103695,0.0755840535019598,0,"synuclein alpha"
"198","AQP4","ENSG00000171885",0.392040919318466,0,0,0,0.375,0,0.0681636772738623,0,"aquaporin 4"
"199","P2RX7","ENSG00000089041",0.388343026274202,0,0,0,0.375,0,0.0533721050968093,0,"purinergic receptor P2X 7"
"200","LAMP2","ENSG00000005893",0.388286719082359,0,0,0,0.375,0.0226684717412322,0.043072,0,"lysosomal associated membrane protein 2"
"201","ENPP2","ENSG00000136960",0.387310222622987,0,0,0,0.375,0.0108566402281972,0.0444157170571932,0,"ectonucleotide pyrophosphatase/phosphodiesterase 2"
"202","CREBBP","ENSG00000005339",0.387251986337534,0,0,0,0.375,0.0292428770378054,0.0360111111111111,0,"CREB binding protein"
"203","CHRNA2","ENSG00000120903",0.385493443871853,0.381893443871853,0,0,0,0,0.0144,0,"cholinergic receptor nicotinic alpha 2 subunit"
"205","MT1M","ENSG00000205364",0.384008390840472,0,0,0,0.375,0.0360335633618863,0,0,"metallothionein 1M"
"206","TUBB4A","ENSG00000104833",0.383358046215496,0,0,0,0.375,0.0334321848619851,0,0,"tubulin beta 4A class IVa"
"208","HSPA1A","ENSG00000204389",0.3824656814486,0,0,0,0.375,0.0225738369055127,0.0164,0,"heat shock protein family A (Hsp70) member 1A"
"209","GLS","ENSG00000115419",0.382416481679459,0,0,0,0.375,0.022377037828947,0.0164,0,"glutaminase"
"213","STIP1","ENSG00000168439",0.380113138888889,0,0,0,0.375,0,0.0204525555555556,0,"stress induced phosphoprotein 1"
"217","GSTA4","ENSG00000170899",0.378831129734689,0,0,0,0.375,0.0153245189387576,0,0,"glutathione S-transferase alpha 4"
"218","BUB1","ENSG00000169679",0.3787,0,0,0,0.375,0,0.0148,0,"BUB1 mitotic checkpoint serine/threonine kinase"
"219","EGR2","ENSG00000122877",0.3787,0,0,0,0.375,0,0.0148,0,"early growth response 2"
"220","ABCC2","ENSG00000023839",0.3787,0,0,0,0.375,0,0.0148,0,"ATP binding cassette subfamily C member 2"
"221","PDGFB","ENSG00000100311",0.3786,0,0,0,0.375,0,0.0144,0,"platelet derived growth factor subunit B"
"222","SLC22A2","ENSG00000112499",0.3785,0,0,0,0.375,0,0.014,0,"solute carrier family 22 member 2"
"224","ACTG1","ENSG00000184009",0.378207378876145,0,0,0,0.375,0.0128295155045784,0,0,"actin gamma 1"
"226","RPS27","ENSG00000177954",0.376944523188286,0.00777809275314212,0,0,0.375,0,0,0,"ribosomal protein S27"
"229","RPS18","ENSG00000231500",0.375,0,0,0,0.375,0,0,0,"ribosomal protein S18"
"233","PCBP2","ENSG00000197111",0.375,0,0,0,0.375,0,0,0,"poly(rC) binding protein 2"
"236","UBE2C","ENSG00000175063",0.375,0,0,0,0.375,0,0,0,"ubiquitin conjugating enzyme E2 C"
"243","ABCC11","ENSG00000121270",0.375,0,0,0,0.375,0,0,0,"ATP binding cassette subfamily C member 11"
"244","AMPD1","ENSG00000116748",0.375,0,0,0,0.375,0,0,0,"adenosine monophosphate deaminase 1"
"246","SRSF3","ENSG00000112081",0.375,0,0,0,0.375,0,0,0,"serine and arginine rich splicing factor 3"
"248","LMAN1","ENSG00000074695",0.375,0,0,0,0.375,0,0,0,"lectin, mannose binding 1"
"249","PPP2R5A","ENSG00000066027",0.375,0,0,0,0.375,0,0,0,"protein phosphatase 2 regulatory subunit B'alpha"
"251","FECH","ENSG00000066926",0.374473571777344,0.374473571777344,0,0,0,0,0,0,"ferrochelatase"
"252","HBEGF","ENSG00000113070",0.371727645397186,0.371727645397186,0,0,0,0,0,0,"heparin binding EGF like growth factor"
"255","LIPC","ENSG00000166035",0.350191174685603,0.339285619130048,0,0,0,0,0.0436222222222222,0,"lipase C, hepatic type"
"258","NDUFAF6","ENSG00000156170",0.345515003436232,0.344634860754013,0,0,0,0.0035205707288749,0,0,"NADH:ubiquinone oxidoreductase complex assembly factor 6"
"263","DLG2","ENSG00000150672",0.327892648017732,0.327892648017732,0,0,0,0,0,0,"discs large MAGUK scaffold protein 2"
"265","B4GALT3","ENSG00000158850",0.323599196970463,0.323599196970463,0,0,0,0,0,0,"beta-1,4-galactosyltransferase 3"
"266","FCER1G","ENSG00000158869",0.31661535701789,0.0346614280715585,0,0,0.30795,0,0,0,"Fc fragment of IgE receptor Ig"
"268","PRIM2","ENSG00000146143",0.313377618789673,0.313377618789673,0,0,0,0,0,0,"DNA primase subunit 2"
"269","HSPA4","ENSG00000170606",0.311671140537558,0,0,0,0,0.0156822290688523,0,0.307750583270345,"heat shock protein family A (Hsp70) member 4"
"272","GRIA1","ENSG00000155511",0.305162489163335,0,0,0.25,0,0.0155039545206185,0.0711314280521682,0.18516,"glutamate ionotropic receptor AMPA type subunit 1"
"275","HRH3","ENSG00000101180",0.302079705973879,0,0,0.28525,0,0,0.0673188238955174,0,"histamine receptor H3"
"276","MAPK14","ENSG00000112062",0.297320346143951,0,0,0.284722222222222,0,0.00804211529555676,0.0468182222222222,0,"mitogen-activated protein kinase 14"
"277","SV2A","ENSG00000159164",0.28264953111615,0,0,0.272222222222222,0,0,0.0417092355757118,0,"synaptic vesicle glycoprotein 2A"
"279","UBE2L3","ENSG00000185651",0.279016779951764,0.271062016487122,0,0,0,0.00679287118177768,0.0288,0,"ubiquitin conjugating enzyme E2 L3"
"280","GSK3B","ENSG00000082701",0.27886085559623,0,0,0.261111111111111,0,0.00555256137350524,0.0685311728855826,0,"glycogen synthase kinase 3 beta"
"281","PGR","ENSG00000082175",0.276955555555556,0,0,0.272222222222222,0,0,0.0189333333333333,0,"progesterone receptor"
"283","CHRNA6","ENSG00000147434",0.275822222222222,0,0,0.272222222222222,0,0,0.0144,0,"cholinergic receptor nicotinic alpha 6 subunit"
"284","SERPINA1","ENSG00000197249",0.275671907937069,0,0,0,0.2612,0,0.0578876317482745,0,"serpin family A member 1"
"285","ABL1","ENSG00000097007",0.273861111111111,0,0,0.267361111111111,0,0,0.026,0,"ABL proto-oncogene 1, non-receptor tyrosine kinase"
"286","RXRA","ENSG00000186350",0.2726375,0,0,0.261111111111111,0,0,0.0461055555555556,0,"retinoid X receptor alpha"
"287","CHRNA5","ENSG00000169684",0.272222222222222,0,0,0.272222222222222,0,0,0,0,"cholinergic receptor nicotinic alpha 5 subunit"
"288","CACNA1B","ENSG00000148408",0.272222222222222,0,0,0.272222222222222,0,0,0,0,"calcium voltage-gated channel subunit alpha1 B"
"289","TNF","ENSG00000232810",0.267364522558798,0,0,0.242361111111111,0,0,0.100013645790747,0,"tumor necrosis factor"
"292","GRIA2","ENSG00000120251",0.263776685340524,0,0,0.25,0,0,0.0551067413620943,0,"glutamate ionotropic receptor AMPA type subunit 2"
"293","GABRA2","ENSG00000151834",0.26254560354144,0.0570206185802817,0,0.246361111111111,0,0.0173640400673237,0,0,"gamma-aminobutyric acid type A receptor subunit alpha2"
"295","GABRG1","ENSG00000163285",0.261738940489594,0.0461391471326351,0,0.246361111111111,0,0.0264873833579175,0.0144,0,"gamma-aminobutyric acid type A receptor subunit gamma1"
"296","RXRB","ENSG00000204231",0.261111111111111,0,0,0.261111111111111,0,0,0,0,"retinoid X receptor beta"
"297","RXRG","ENSG00000143171",0.261111111111111,0,0,0.261111111111111,0,0,0,0,"retinoid X receptor gamma"
"300","GNRHR","ENSG00000109163",0.256813888888889,0,0,0.25,0,0,0.0272555555555556,0,"gonadotropin releasing hormone receptor"
"301","GABRA1","ENSG00000022355",0.255694312193874,0,0,0.246361111111111,0,0.0200988097448619,0.0284,0,"gamma-aminobutyric acid type A receptor subunit alpha1"
"302","GRIA3","ENSG00000125675",0.254532463865086,0,0,0.25,0,0.00749217478577772,0.0148,0,"glutamate ionotropic receptor AMPA type subunit 3"
"303","GRIK3","ENSG00000163873",0.253965944051743,0.253965944051743,0,0,0,0,0,0,"glutamate ionotropic receptor kainate type subunit 3"
"304","CYSLTR1","ENSG00000173198",0.2536,0,0,0.25,0,0,0.0144,0,"cysteinyl leukotriene receptor 1"
"305","CYP27C1","ENSG00000186684",0.253540464559993,0.253540464559993,0,0,0,0,0,0,"cytochrome P450 family 27 subfamily C member 1"
"306","GABRG2","ENSG00000113327",0.253170481254676,0,0,0.246361111111111,0,0.0272374805742599,0,0,"gamma-aminobutyric acid type A receptor subunit gamma2"
"307","MAPT","ENSG00000186868",0.253152488337057,7e-08,0,0,0,0,0.0868099222371152,0.23145,"microtubule associated protein tau"
"308","HLA-DQA1","ENSG00000196735",0.252939870581031,0.252939870581031,0,0,0,0,0,0,"major histocompatibility complex, class II, DQ alpha 1"
"309","GRIA4","ENSG00000152578",0.252837849782214,0,0,0.25,0,0.00868473246218808,0.006,0,"glutamate ionotropic receptor AMPA type subunit 4"
"310","MAOB","ENSG00000069535",0.251325571343261,0,0,0.235,0,0,0.0653022853730429,0,"monoamine oxidase B"
"311","CTSC","ENSG00000109861",0.2513,0,0,0,0.2513,0,0,0,"cathepsin C"
"316","GABRA5","ENSG00000186297",0.248762998446606,0,0,0.246361111111111,0,0.00960754934197784,0,0,"gamma-aminobutyric acid type A receptor subunit alpha5"
"317","GABRA3","ENSG00000011677",0.248067864789553,0,0,0.246361111111111,0,0.0068270147137682,0,0,"gamma-aminobutyric acid type A receptor subunit alpha3"
"318","HGF","ENSG00000019991",0.247645714595955,0.22852036356926,0,0,0,0.0113170362243829,0.0714716102292769,0,"hepatocyte growth factor"
"319","GABRG3","ENSG00000182256",0.246361111111111,0,0,0.246361111111111,0,0,0,0,"gamma-aminobutyric acid type A receptor subunit gamma3"
"320","TAS2R41","ENSG00000221855",0.245496396321657,0.245496396321657,0,0,0,0,0,0,"taste 2 receptor member 41"
"321","RYR3","ENSG00000198838",0.244456399520225,0,0,0,0,0.0178325956820244,0.0441,0.23145,"ryanodine receptor 3"
"322","SRC","ENSG00000197122",0.244,0,0,0.236111111111111,0,0,0.0315555555555556,0,"SRC proto-oncogene, non-receptor tyrosine kinase"
"323","INSR","ENSG00000171105",0.242265727086846,0,0,0.225,0,0,0.0690629083473822,0,"insulin receptor"
"325","CNR1","ENSG00000118432",0.23993945154105,0,0,0.225,0,0.0129955014763925,0.0539820277302468,0,"cannabinoid receptor 1"
"328","RARA","ENSG00000131759",0.233736111111111,0,0,0.225,0,0,0.0349444444444444,0,"retinoic acid receptor alpha"
"329","PLA2G7","ENSG00000146070",0.2322,0,0,0.225,0,0,0.0288,0,"phospholipase A2 group VII"
"330","GABRB3","ENSG00000166206",0.229278707800343,0,0,0.225,0,0.0171148312013731,0,0,"gamma-aminobutyric acid type A receptor subunit beta3"
"331","RARB","ENSG00000077092",0.2292,0,0,0.225,0,0,0.0168,0,"retinoic acid receptor beta"
"333","SNAP25","ENSG00000132639",0.224971161104417,0,0,0,0,0.0100567354972043,0.222456977230116,0,"synaptosome associated protein 25"
"334","TAS2R60","ENSG00000185899",0.221203729677093,0.221203729677093,0,0,0,0,0,0,"taste 2 receptor member 60"
"336","MAF","ENSG00000178573",0.218711605580648,0.210365772247314,0,0,0,0,0.0333833333333333,0,"MAF bZIP transcription factor"
"337","KIF5B","ENSG00000170759",0.217880171695547,0.212964490056038,0,0,0,0.0196627265580368,0,0,"kinesin family member 5B"
"338","HDAC6","ENSG00000094631",0.216472906333348,0,0,0.1,0,0,0.0568161570001283,0.18516,"histone deacetylase 6"
"339","GSK3A","ENSG00000105723",0.214673333362222,0,0,0.2,0,0,0.0586933334488864,0,"glycogen synthase kinase 3 alpha"
"340","HTR3A","ENSG00000166736",0.213555111111111,0,0,0.2,0,0,0.0542204444444444,0,"5-hydroxytryptamine receptor 3A"
"341","RRAS2","ENSG00000133818",0.212164089083672,0.212164089083672,0,0,0,0,0,0,"RAS related 2"
"343","GLP1R","ENSG00000112164",0.211619987688575,0,0,0.2,0,0,0.046479950754301,0,"glucagon like peptide 1 receptor"
"346","RELB","ENSG00000104856",0.207384328956372,0.207384328956372,0,0,0,0,0,0,"RELB proto-oncogene, NF-kB subunit"
"347","CSF2RA","ENSG00000198223",0.205,0,0,0.2,0,0,0.02,0,"colony stimulating factor 2 receptor subunit alpha"
"348","IMPA1","ENSG00000133731",0.205,0,0,0.2,0,0,0.02,0,"inositol monophosphatase 1"
"350","RBX1","ENSG00000100387",0.204221610828639,0,0,0.2,0,0.0168864433145549,0,0,"ring-box 1"
"351","IFNAR1","ENSG00000142166",0.2041,0,0,0.2,0,0,0.0164,0,"interferon alpha and beta receptor subunit 1"
"355","CYFIP2","ENSG00000055163",0.203136480736589,0,0,0,0,0.0125459229463544,0.2,0,"cytoplasmic FMR1 interacting protein 2"
"356","IFNAR2","ENSG00000159110",0.20229737076755,0,0,0.2,0,0.00918948307020091,0,0,"interferon alpha and beta receptor subunit 2"
"357","NCAM1","ENSG00000149294",0.200875516672263,0,0,0,0,0.0132504694734355,0.0569729691453043,0.18516,"neural cell adhesion molecule 1"
"359","HTR3D","ENSG00000186090",0.2,0,0,0.2,0,0,0,0,"5-hydroxytryptamine receptor 3D"
"360","HTR3E","ENSG00000186038",0.2,0,0,0.2,0,0,0,0,"5-hydroxytryptamine receptor 3E"
"361","HTR3C","ENSG00000178084",0.2,0,0,0.2,0,0,0,0,"5-hydroxytryptamine receptor 3C"
"362","PAH","ENSG00000171759",0.2,0,0,0.2,0,0,0,0,"phenylalanine hydroxylase"
"363","DDB1","ENSG00000167986",0.2,0,0,0.2,0,0,0,0,"damage specific DNA binding protein 1"
"364","HTR3B","ENSG00000149305",0.2,0,0,0.2,0,0,0,0,"5-hydroxytryptamine receptor 3B"
"365","CUL4A","ENSG00000139842",0.2,0,0,0.2,0,0,0,0,"cullin 4A"
"367","MAPK8IP1","ENSG00000121653",0.198254675794061,0.181403458118439,0,0,0,0,0.0674048707024897,0,"mitogen-activated protein kinase 8 interacting protein 1"
"368","MS4A2","ENSG00000149534",0.196844711636323,0.189844711636323,0,0,0,0,0.028,0,"membrane spanning 4-domains A2"
"369","PTPRJ","ENSG00000149177",0.196464070247417,0.191942036151886,0,0,0,0.0180881363821222,0,0,"protein tyrosine phosphatase receptor type J"
"371","MAPK1","ENSG00000100030",0.196277319066601,0.0101425876079268,0,0,0,0,0.0399152222222222,0.18516,"mitogen-activated protein kinase 1"
"373","TH","ENSG00000180176",0.193979865077946,0,0,0,0,0.00727946031178341,0,0.19216,"tyrosine hydroxylase"
"377","RASGRF1","ENSG00000058335",0.189667368295847,0,0,0,0,0.007266314662627,0.0148,0.18516,"Ras protein specific guanine nucleotide releasing factor 1"
"380","NR1H3","ENSG00000025434",0.185388222208619,0.177788222208619,0,0,0,0,0.0304,0,"nuclear receptor subfamily 1 group H member 3"
"383","KLC1","ENSG00000126214",0.17552172699149,0,0,0,0,0.0453894224532364,0.164174371378181,0,"kinesin light chain 1"
"384","NARS1","ENSG00000134440",0.175128027796745,0.175128027796745,0,0,0,0,0,0,"asparaginyl-tRNA synthetase 1"
"387","HLA-DRB5","ENSG00000198502",0.172021934024245,0.159846934024245,0,0,0,0,0.0487,0,"major histocompatibility complex, class II, DR beta 5"
"388","PPOX","ENSG00000143224",0.168796592345834,0.161696592345834,0,0,0,0,0.0284,0,"protoporphyrinogen oxidase"
"391","DNALI1","ENSG00000163879",0.15979790687561,0.15979790687561,0,0,0,0,0,0,"dynein axonemal light intermediate chain 1"
"392","RSPO1","ENSG00000169218",0.159289956092834,0.159289956092834,0,0,0,0,0,0,"R-spondin 1"
"394","HAND1","ENSG00000113196",0.157657366609573,0.153057366609573,0,0,0,0,0.0184,0,"heart and neural crest derivatives expressed 1"
"395","SYT1","ENSG00000067715",0.156358524893127,0,0,0,0,0.0196118773502852,0.151455555555556,0,"synaptotagmin 1"
"396","NDUFS2","ENSG00000158864",0.155629830434918,0.155629830434918,0,0,0,0,0,0,"NADH:ubiquinone oxidoreductase core subunit S2"
"399","APOC2","ENSG00000234906",0.155043983265885,0.13983538972847,0,0,0,0,0.0608343741496599,0,"apolipoprotein C2"
"400","EPHX2","ENSG00000120915",0.154102389503287,0.147002389503287,0,0,0,0,0.0284,0,"epoxide hydrolase 2"
"401","CCR5","ENSG00000160791",0.149528467112367,0.133271127939224,0,0,0,0,0.0650293566925699,0,"C-C motif chemokine receptor 5 (gene/pseudogene)"
"402","VKORC1","ENSG00000167397",0.148896545637399,0.0955861825495958,0,0.125,0,0,0,0,"vitamin K epoxide reductase complex subunit 1"
"408","SERPINE1","ENSG00000106366",0.141462906355819,0,0,0.125,0,0.00856967952766838,0.0620428789665344,0,"serpin family E member 1"
"412","TXN","ENSG00000136810",0.135686624886101,0,0,0,0,0.0201899216978712,0.130639144461633,0,"thioredoxin"
"413","AURKA","ENSG00000087586",0.135363910347223,0.135363910347223,0,0,0,0,0,0,"aurora kinase A"
"415","ADORA2A","ENSG00000128271",0.1323,0,0,0.125,0,0,0.0292,0,"adenosine A2a receptor"
"417","ENO2","ENSG00000111674",0.130521139628543,0,0,0,0,0.0229236956102347,0.124790215725984,0,"enolase 2"
"421","BDNF","ENSG00000176697",0.129041770118364,0,0,0,0,0.00921999126529823,0.12673677230204,0,"brain derived neurotrophic factor"
"423","SPI1","ENSG00000066336",0.125861417510609,0.119094750843942,0,0,0,0,0.0270666666666667,0,"Spi-1 proto-oncogene"
"424","ADORA3","ENSG00000282608",0.125758825346697,0,0,0.125,0,0.0030353013867891,0,0,"adenosine A3 receptor"
"425","ADORA2B","ENSG00000170425",0.125,0,0,0.125,0,0,0,0,"adenosine A2b receptor"
"426","ADORA1","ENSG00000163485",0.125,0,0,0.125,0,0,0,0,"adenosine A1 receptor"
"427","ATP4A","ENSG00000105675",0.125,0,0,0.125,0,0,0,0,"ATPase H+/K+ transporting subunit alpha"
"430","GFAP","ENSG00000131095",0.121583020182212,0,0,0,0,0.038340543195862,0.111997884383247,0,"glial fibrillary acidic protein"
"431","LILRA4","ENSG00000239961",0.120378233492374,0.120378233492374,0,0,0,0,0,0,"leukocyte immunoglobulin like receptor A4"
"433","CCR2","ENSG00000121807",0.119543201514611,0.107576817274094,0,0,0,0,0.047865536962068,0,"C-C motif chemokine receptor 2"
"435","PPARD","ENSG00000112033",0.116939718705094,0,0,0.1,0,0.029472744896271,0.0546598770886986,0,"peroxisome proliferator activated receptor delta"
"436","CHRM1","ENSG00000168539",0.11536460139297,0,0,0.1,0,0.0542584055718795,0.0162,0,"cholinergic receptor muscarinic 1"
"438","HDAC2","ENSG00000196591",0.114066690299315,0,0,0.1,0,0,0.0562667611972609,0,"histone deacetylase 2"
"439","HTR4","ENSG00000164270",0.113311914667696,0,0,0.1,0,0,0.0532476586707847,0,"5-hydroxytryptamine receptor 4"
"440","FYN","ENSG00000010810",0.113307888888889,0,0,0.1,0,0,0.0532315555555556,0,"FYN proto-oncogene, Src family tyrosine kinase"
"442","HDAC1","ENSG00000116478",0.112715986453486,0,0,0.1,0,0.0205438780813778,0.0417333333333333,0,"histone deacetylase 1"
"443","GABRA4","ENSG00000109158",0.112601144035976,0.0435258857905865,0,0.1,0,0.0154770532949645,0,0,"gamma-aminobutyric acid type A receptor subunit alpha4"
"444","CR2","ENSG00000117322",0.111934210397756,0.111934210397756,0,0,0,0,0,0,"complement C3d receptor 2"
"445","GABRB1","ENSG00000163288",0.111348534564234,0.0435258857905865,0,0.1,0,0.00420356804928455,0,0,"gamma-aminobutyric acid type A receptor subunit beta1"
"446","MPZ","ENSG00000158887",0.111295605038995,0.0206301321741194,0,0,0,0,0.106138071995465,0,"myelin protein zero"
"449","HDAC3","ENSG00000171720",0.10975,0,0,0.1,0,0,0.039,0,"histone deacetylase 3"
"451","PPARA","ENSG00000186951",0.108613268634321,0,0,0.09,0,0.00567549225893119,0.0719306335333149,0,"peroxisome proliferator activated receptor alpha"
"453","GCNT4","ENSG00000176928",0.108118563890457,0.108118563890457,0,0,0,0,0,0,"glucosaminyl (N-acetyl) transferase 4"
"454","GABRD","ENSG00000187730",0.106987199538126,0,0,0.1,0,0.0279487981525052,0,0,"gamma-aminobutyric acid type A receptor subunit delta"
"459","SCD","ENSG00000099194",0.10625438338681,0,0,0,0,0.0145181235222135,0.102624852506256,0,"stearoyl-CoA desaturase"
"461","MAOA","ENSG00000189221",0.105395576766228,0,0,0.09,0,0,0.0615823070649139,0,"monoamine oxidase A"
"463","YES1","ENSG00000176105",0.104625871648829,0,0,0.1,0,0.0151257088175388,0.0076,0,"YES proto-oncogene 1, Src family tyrosine kinase"
"464","NEU2","ENSG00000115488",0.104517755098641,0.104517755098641,0,0,0,0,0,0,"neuraminidase 2"
"465","GABRQ","ENSG00000268089",0.1045,0,0,0.1,0,0,0.018,0,"gamma-aminobutyric acid type A receptor subunit theta"
"467","EPHA2","ENSG00000142627",0.1039,0,0,0.1,0,0,0.0156,0,"EPH receptor A2"
"472","GABRB2","ENSG00000145864",0.101499546961276,0,0,0.1,0,0.00599818784510487,0,0,"gamma-aminobutyric acid type A receptor subunit beta2"
"473","LYN","ENSG00000254087",0.1,0,0,0.1,0,0,0,0,"LYN proto-oncogene, Src family tyrosine kinase"
"474","LCK","ENSG00000182866",0.1,0,0,0.1,0,0,0,0,"LCK proto-oncogene, Src family tyrosine kinase"
"475","GABRA6","ENSG00000145863",0.1,0,0,0.1,0,0,0,0,"gamma-aminobutyric acid type A receptor subunit alpha6"
"477","CSF3R","ENSG00000119535",0.1,0,0,0.1,0,0,0,0,"colony stimulating factor 3 receptor"
"478","GABRE","ENSG00000102287",0.1,0,0,0.1,0,0,0,0,"gamma-aminobutyric acid type A receptor subunit epsilon"
"479","GABRP","ENSG00000094755",0.1,0,0,0.1,0,0,0,0,"gamma-aminobutyric acid type A receptor subunit pi"
"480","FGR","ENSG00000000938",0.1,0,0,0.1,0,0,0,0,"FGR proto-oncogene, Src family tyrosine kinase"
